Id,FirstName,LastName,Age,Address,Email
0,Candida,Streich,77,955 Corkery Alley,wayne.zemlak@weberhalvorson.info
0,Leonel,Howe,47,07124 Boyle Meadow,howell@okon.biz
0,Chaya,Kuvalis,42,26431 Kihn Courts,lilian@tillmanmckenzie.co.uk
0,Brody,Herman,56,543 Leopold Land,ramon@thielstanton.co.uk
0,Selina,Koelpin,50,32935 Amelia Ports,onie@hirthe.biz
0,Kianna,Runolfsdottir,40,40841 Lonie Plains,manley.mills@braun.name
0,Guido,Koelpin,31,695 Juliana Port,paula@shanahan.info
0,Arne,Stanton,51,64719 Dasia Drive,nona@terry.us
0,Kristin,Wilderman,52,432 Treutel Cove,georgianna@wehner.ca
0,Gloria,Monahan,57,292 Towne Summit,lilian.koch@schuster.com
0,Meaghan,Schmeler,46,9946 Delia Ramp,alf.bailey@pacocharice.com
0,Emely,Hahn,37,6583 Ara Pike,june.schultz@gloverokeefe.name
0,Oda,Ferry,61,2019 Langworth Dale,cleta.cronin@koepp.co.uk
0,Martin,Little,59,5533 Ortiz Unions,kallie.cummings@reichelkerluke.ca
0,Kaylee,Zulauf,72,5348 Paris Canyon,christiana.gutkowski@howell.name
0,Karlie,Rogahn,53,01426 Haley Bypass,jade.howe@robertstreutel.biz
0,Randal,Haag,25,9044 Sigurd Highway,judy.ruecker@howell.ca
0,Eliseo,Reilly,46,976 Murazik Manors,mohammed.robel@mertzwatsica.name
0,Elnora,Kiehn,71,80787 Caleigh Fork,general@wolfsipes.uk
0,Frankie,Bogan,60,783 Eudora Common,zakary_kozey@monahan.ca
0,Theodora,Ondricka,20,258 Stracke Harbor,dimitri_howe@pouros.co.uk
0,Felix,Jaskolski,39,2935 Vincenza Brooks,oliver_kuhlman@nicolas.uk
0,Harrison,Hintz,73,4467 Waelchi Station,clare_schinner@hickle.com
0,Loraine,Feeney,36,4448 Ellie Hill,craig@shields.biz
0,Mittie,Friesen,63,902 Wiegand Grove,easter@rathcrona.uk
0,Rhianna,Adams,54,32993 Madilyn Burgs,shanna@millerwisoky.biz
0,Laurianne,Howe,47,125 Trantow Glen,hollis.damore@braun.biz
0,Tyrique,Becker,23,03300 Bette Glen,kayli@friesengusikowski.com
0,Rudolph,Torp,75,656 Mraz Fords,agnes_sauer@white.com
0,Nathan,Fritsch,44,3917 Eloise Throughway,carolina.fahey@hand.biz
0,Idell,Waelchi,53,05879 Rowe Light,roscoe@farrell.name
0,Dalton,Koepp,23,67967 Juana Stravenue,amir@keeling.info
0,Jannie,Morar,55,60727 Dejah Fords,zechariah@kiehnlegros.co.uk
0,Eliza,Bartoletti,53,02475 Wolf Crossing,carissa.emmerich@wuckert.biz
0,Andy,Kilback,42,478 Mary Locks,daniella@harveymarquardt.us
0,Kyle,Raynor,60,4553 Reyna Creek,roslyn_damore@zemlakhuel.com
0,Nona,Harvey,78,0323 Jones Plain,adrien.kautzer@bruenhermiston.info
0,Doris,Streich,29,22419 Watsica Spring,quinn_heaney@funkbarrows.biz
0,Vena,Lesch,43,186 Mallory Harbors,hailee.spencer@schuppe.info
0,Vincenzo,Pollich,20,7235 Stehr Ferry,sincere@harris.co.uk
0,Matt,Schaefer,64,717 Lola Loaf,marjory@kulaslindgren.com
0,Sylvia,Lakin,30,81093 Quigley Fords,roscoe@kulasorn.name
0,Manley,Lesch,63,2161 Padberg Port,ward.hammes@krajcik.name
0,Yasmine,Abbott,79,3258 Fisher Lane,madelynn@kemmer.ca
0,Jaydon,Ledner,43,930 Sally Fort,stevie_little@stehrlindgren.co.uk
0,Kenyatta,Beahan,31,1454 Muriel Shore,jayson@harveyconroy.info
0,Wilfredo,Kassulke,77,023 Hassan Pike,birdie@mcdermott.info
0,Aaron,Strosin,43,792 Osbaldo Lodge,brenden@leffler.co.uk
0,Carlo,Quigley,52,249 Botsford Dam,lexie.crist@schowalter.ca
0,Karine,Bartell,39,7427 Pamela Gardens,kelli.stehr@corwinkuhic.com
0,Reginald,Johnston,51,4613 Ward River,monty@beiertoy.us
0,Garret,Crona,36,6342 Stoltenberg Parks,megane@terry.ca
0,Brice,Lang,22,0154 Predovic Walks,laurianne_keebler@olson.name
0,Joan,Langworth,23,870 Hegmann Viaduct,whitney_boyle@swift.com
0,Misael,Leannon,38,497 Cormier Isle,mitchel_dickens@feest.us
0,Pearline,Cremin,55,950 Arnaldo Hollow,marcel_hayes@spinka.co.uk
0,Adolphus,Schimmel,34,5429 Wolf Wells,augustine.kessler@dibbert.co.uk
0,Marguerite,Kuhn,60,240 Cruickshank Drives,jorge_conroy@schulistbatz.biz
0,Twila,Hintz,27,979 Vena Village,britney@miller.biz
0,Wallace,Kertzmann,23,8118 Jenkins Ford,marques_schiller@strackecartwright.us
0,Roscoe,Quitzon,49,961 Harmon Inlet,arlene.hodkiewicz@marks.uk
0,Esperanza,Schoen,23,8489 Berge Forge,newton.hessel@bartell.us
0,Kristian,Gutkowski,60,647 Jacobi Vista,clifford@beckermayert.biz
0,Eloise,Ebert,25,68590 Torey Island,krystina.bayer@williamsontromp.biz
0,Keith,Schowalter,24,489 Zemlak Fork,candice.jast@collins.us
0,Pierre,Luettgen,65,763 Gerlach Crossing,rogers@greenholt.info
0,Derick,Frami,77,994 Cartwright Harbor,earline_kuhic@kris.us
0,Keara,Rempel,40,4991 Thaddeus Manors,omer@toy.us
0,Bennett,Nikolaus,56,59568 Kristopher Union,cornelius@mueller.biz
0,Luther,Rutherford,46,492 Frami Wall,alex.willms@hackett.info
0,Nikolas,Feest,36,5015 Vivien Court,trenton_stiedemann@kulas.name
0,Carolyne,Smith,64,7094 Metz Manor,maiya_borer@harris.biz
0,Rodrick,Kshlerin,24,43107 Bradtke Lane,loy@barrows.us
0,Gonzalo,Baumbach,52,4150 Schoen Skyway,alan@goyettehudson.us
0,Solon,Orn,70,07638 Mariam Lake,mattie@kulas.ca
0,Darrin,Crooks,51,640 Rosenbaum Glens,elenora@witting.uk
0,Jordy,Moore,61,77126 Will Stravenue,brandt_ebert@bernhard.uk
0,Dominic,Wisoky,27,914 Romaguera Road,bailee.hartmann@donnelly.name
0,Brody,Spencer,42,22408 Noelia Skyway,lonie@mayer.co.uk
0,Augustine,Herman,74,937 Carroll Park,isabelle.legros@rogahnbode.com
0,Kirsten,O'Connell,78,3890 Huel Hill,shaylee.stroman@jerde.info
0,Frankie,Franecki,30,56016 Ines Vista,brennon_roob@wolf.co.uk
0,Shawn,Stokes,40,6257 Charley Skyway,aileen@heathcote.name
0,Quinton,Thompson,73,125 Jude Mews,mariane@wisokyhessel.info
0,Shanny,Konopelski,62,66589 Bernadine Plaza,jazmyne_price@langoshlangworth.name
0,Hester,Glover,27,7255 Ismael Curve,amparo_thiel@halvorsonschaefer.us
0,Krystel,Hilpert,72,780 Volkman Avenue,orlando@howell.uk
0,Jayda,Jaskolski,76,933 Johnston Common,eldora@hirthe.name
0,Elinor,Schinner,22,1039 Lyda Pike,reyna@hamill.info
0,Lia,Pagac,42,995 Dicki Wells,nathanael@rath.info
0,Neva,Kovacek,68,2702 Kiara Spurs,wilber_kunze@hickle.us
0,Gavin,Christiansen,49,6590 Rosalind Islands,kaleigh_luettgen@schneider.biz
0,Irving,Marquardt,32,051 Haley Station,elroy@willms.name
0,Fanny,Will,50,78721 Heller Corners,marquise_durgan@collierkuhn.com
0,Annie,Hickle,74,5732 Dexter Manors,nigel.simonis@ryan.biz
0,Dangelo,Bashirian,25,46290 Darion Ville,gino_robel@hahn.us
0,Fay,Adams,39,52662 Schultz Locks,wendy_oberbrunner@murazik.info
0,Bryana,Schimmel,45,4586 Flatley Ramp,clotilde@roberts.us
0,Nathan,Wolf,49,89341 Cruickshank Parkway,dedric.romaguera@will.us
0,Nathan,Corkery,79,731 Richmond Locks,sylvester.beier@gibson.us
